year,state,ocaf,sewer,wages,benefits,goods,insurance,proptax,elec,gas,oil
2011,Alabama,2.4,0.0646,0.0204,0.0203,0.0213,0.0357,0.0399,-0.082,0.173165138,-0.41
2011,Alaska,1.1,0.0646,0.0204,0.0203,0.0213,0.0357,0.0399,-0.048,-0.009836066,-0.41
2011,Arizona,2.6,0.0646,0.0204,0.0203,0.0213,0.0357,0.0399,0.002,-0.049680625,-0.41
2011,Arkansas,2.1,0.0646,0.0204,0.0203,0.0213,0.0357,0.0399,-0.053,0.002840909,-0.41
2011,California,1.8,0.0646,0.0204,0.0203,0.0213,0.0357,0.0399,0.005,-0.260392157,-0.41
2011,Colorado,1.7,0.0646,0.0204,0.0203,0.0213,0.0357,0.0399,0.119,-0.099283521,-0.41
2011,District of Columbia,1.7,0.0646,0.0204,0.0203,0.0213,0.0357,0.0399,-0.049,0.107031736,-0.4
2011,Connecticut,0.1,0.0646,0.0204,0.0203,0.0213,0.0357,0.0399,0.033,-0.170308123,-0.383
2011,Delaware,1.5,0.0646,0.0204,0.0203,0.0213,0.0357,0.0399,-0.017,-0.155852032,-0.383
2011,Florida,2.7,0.0646,0.0204,0.0203,0.0213,0.0357,0.0399,-0.098,-0.042240152,-0.45
2011,Georgia,2.2,0.0646,0.0204,0.0203,0.0213,0.0357,0.0399,-0.05,-0.107338445,-0.45
2011,Hawaii,0,0.0646,0.0204,0.0203,0.0213,0.0357,0.0399,0.169,-0.183980256,-0.41
2011,Idaho,3,0.0646,0.0204,0.0203,0.0213,0.0357,0.0399,0.068,-0.256835128,-0.41
2011,Illinois,0.1,0.0646,0.0204,0.0203,0.0213,0.0357,0.0399,-0.079,-0.145454545,-0.513
2011,Indiana,2,0.0646,0.0204,0.0203,0.0213,0.0357,0.0399,-0.045,-0.174643157,-0.512
2011,Iowa,1.7,0.0646,0.0204,0.0203,0.0213,0.0357,0.0399,0.011,-0.047877145,-0.547
2011,Kansas,2.2,0.0646,0.0204,0.0203,0.0213,0.0357,0.0399,0.011,-0.146153846,-0.513
2011,Kentucky,2.2,0.0646,0.0204,0.0203,0.0213,0.0357,0.0399,-0.028,-0.135115607,-0.53
2011,Louisiana,0.8,0.0646,0.0204,0.0203,0.0213,0.0357,0.0399,-0.032,-0.151065203,-0.41
2011,Maine,0,0.0646,0.0204,0.0203,0.0213,0.0357,0.0399,-0.038,-0.135622817,-0.415
2011,Maryland,2.2,0.0646,0.0204,0.0203,0.0213,0.0357,0.0399,-0.043,-0.145612943,-0.405
2011,Massachusetts,1.6,0.0646,0.0204,0.0203,0.0213,0.0357,0.0399,-0.199,-0.059530624,-0.411
2011,Michigan,2.2,0.0646,0.0204,0.0203,0.0213,0.0357,0.0399,0.087,-0.055322716,-0.495
2011,Minnesota,1.1,0.0646,0.0204,0.0203,0.0213,0.0357,0.0399,0.041,-0.203720106,-0.516
2011,Mississippi,2.1,0.0646,0.0204,0.0203,0.0213,0.0357,0.0399,-0.108,-0.056137725,-0.41
2011,Missouri,1.9,0.0646,0.0204,0.0203,0.0213,0.0357,0.0399,-0.019,-0.194126074,-0.513
2011,Montana,0.4,0.0646,0.0204,0.0203,0.0213,0.0357,0.0399,0.002,-0.170305677,-0.41
2011,Nebraska,1.8,0.0646,0.0204,0.0203,0.0213,0.0357,0.0399,0.034,-0.068085106,-0.551
2011,Nevada,2.8,0.0646,0.0204,0.0203,0.0213,0.0357,0.0399,0.038,-0.14053076,-0.41
2011,New Hampshire,1.3,0.0646,0.0204,0.0203,0.0213,0.0357,0.0399,-0.057,-0.044049967,-0.417
2011,New Jersey,1.8,0.0646,0.0204,0.0203,0.0213,0.0357,0.0399,-0.008,-0.220768602,-0.407
2011,New Mexico,1.1,0.0646,0.0204,0.0203,0.0213,0.0357,0.0399,-0.005,-0.103098927,-0.41
2011,New York,0.3,0.0646,0.0204,0.0203,0.0213,0.0357,0.0399,0.078,-0.181818182,-0.37
2011,North Carolina,2.4,0.0646,0.0204,0.0203,0.0213,0.0357,0.0399,0.019,-0.159315932,-0.463
2011,North Dakota,1.3,0.0646,0.0204,0.0203,0.0213,0.0357,0.0399,0.02,-0.011252813,-0.513
2011,Ohio,2.1,0.0646,0.0204,0.0203,0.0213,0.0357,0.0399,0.092,-0.12732278,-0.51
2011,Oklahoma,1.4,0.0646,0.0204,0.0203,0.0213,0.0357,0.0399,-0.142,-0.075487013,-0.513
2011,Oregon,2.6,0.0646,0.0204,0.0203,0.0213,0.0357,0.0399,0.015,0.045356371,-0.41
2011,Pacific Islands,0,0.0646,0.0204,0.0203,0.0213,0.0357,0.0399,0.092,-0.125989921,-0.41
2011,Pennsylvania,2,0.0646,0.0204,0.0203,0.0213,0.0357,0.0399,0.102,-0.091245376,-0.405
2011,Puerto Rico,2.1,0.0646,0.0204,0.0203,0.0213,0.0357,0.0399,-0.041,-0.125989921,-0.41
2011,Rhode Island,1.1,0.0646,0.0204,0.0203,0.0213,0.0357,0.0399,-0.101,0.010065127,-0.408
2011,South Carolina,2.5,0.0646,0.0204,0.0203,0.0213,0.0357,0.0399,-0.005,-0.114608076,-0.45
2011,South Dakota,0.5,0.0646,0.0204,0.0203,0.0213,0.0357,0.0399,0.032,-0.192579505,-0.513
2011,Tennessee,2.5,0.0646,0.0204,0.0203,0.0213,0.0357,0.0399,-0.154,-0.144366197,-0.513
2011,Texas,1.9,0.0646,0.0204,0.0203,0.0213,0.0357,0.0399,-0.117,-0.186181818,-0.41
2011,US,1.7,0.0646,0.0204,0.0203,0.0213,0.0357,0.0399,-0.026,-0.125989921,-0.41
2011,Utah,2.4,0.0646,0.0204,0.0203,0.0213,0.0357,0.0399,0.024,-0.005555556,-0.41
2011,Vermont,0.6,0.0646,0.0204,0.0203,0.0213,0.0357,0.0399,0.041,-0.145768993,-0.378
2011,Virgin Islands,3,0.0646,0.0204,0.0203,0.0213,0.0357,0.0399,-0.041,-0.125989921,-0.41
2011,Virginia,2.4,0.0646,0.0204,0.0203,0.0213,0.0357,0.0399,0.006,-0.055707264,-0.442
2011,Washington,2.7,0.0646,0.0204,0.0203,0.0213,0.0357,0.0399,0.023,0.068147014,-0.41
2011,West Virginia,3.2,0.0646,0.0204,0.0203,0.0213,0.0357,0.0399,0.092,-0.160031226,-0.45
2011,Wisconsin,1.7,0.0646,0.0204,0.0203,0.0213,0.0357,0.0399,0.059,0.016540317,-0.517
2011,Wyoming,1.9,0.0646,0.0204,0.0203,0.0213,0.0357,0.0399,0.023,-0.075787402,-0.41
2012,Alabama,1.8,0.0512,0.0146,0.0299,0.0182,0.0139,0.0039,0.081,-0.131,0.175
2012,Alaska,2.2,0.0512,0.0146,0.0299,0.0182,0.0139,0.0039,0.026,-0.1286,0.175
2012,Arizona,1.8,0.0512,0.0146,0.0299,0.0182,0.0139,0.0039,0.009,-0.1389,0.175
2012,Arkansas,1.3,0.0512,0.0146,0.0299,0.0182,0.0139,0.0039,-0.078,-0.1008,0.175
2012,California,2.3,0.0512,0.0146,0.0299,0.0182,0.0139,0.0039,0.012,0.052,0.175
2012,Colorado,2.2,0.0512,0.0146,0.0299,0.0182,0.0139,0.0039,-0.009,-0.0761,0.175
2012,District of Columbia,1.8,0.0512,0.0146,0.0299,0.0182,0.0139,0.0039,-0.081,-0.1501,0.188
2012,Connecticut,1.6,0.0512,0.0146,0.0299,0.0182,0.0139,0.0039,0.017,0.0081,0.227
2012,Delaware,1.3,0.0512,0.0146,0.0299,0.0182,0.0139,0.0039,0.005,-0.028,0.189
2012,Florida,1.3,0.0512,0.0146,0.0299,0.0182,0.0139,0.0039,-0.018,-0.1135,0.171
2012,Georgia,1.9,0.0512,0.0146,0.0299,0.0182,0.0139,0.0039,0.056,-0.0693,0.171
2012,Hawaii,4.3,0.0512,0.0146,0.0299,0.0182,0.0139,0.0039,0.13,0.2235,0.175
2012,Idaho,1.8,0.0512,0.0146,0.0299,0.0182,0.0139,0.0039,0.008,0.0468,0.175
2012,Illinois,2.1,0.0512,0.0146,0.0299,0.0182,0.0139,0.0039,0.06,-0.2017,0.163
2012,Indiana,1.2,0.0512,0.0146,0.0299,0.0182,0.0139,0.0039,0.08,-0.0264,0.123
2012,Iowa,1.8,0.0512,0.0146,0.0299,0.0182,0.0139,0.0039,0.061,-0.1509,0.144
2012,Kansas,2,0.0512,0.0146,0.0299,0.0182,0.0139,0.0039,0.044,-0.0441,0.163
2012,Kentucky,1.8,0.0512,0.0146,0.0299,0.0182,0.0139,0.0039,0.095,-0.1629,0.168
2012,Louisiana,2.4,0.0512,0.0146,0.0299,0.0182,0.0139,0.0039,-0.039,-0.108,0.175
2012,Maine,2.5,0.0512,0.0146,0.0299,0.0182,0.0139,0.0039,0.014,-0.0215,0.173
2012,Maryland,1.3,0.0512,0.0146,0.0299,0.0182,0.0139,0.0039,-0.052,-0.094,0.205
2012,Massachusetts,1,0.0512,0.0146,0.0299,0.0182,0.0139,0.0039,-0.003,-0.1394,0.164
2012,Michigan,2.3,0.0512,0.0146,0.0299,0.0182,0.0139,0.0039,0.092,0.0044,0.147
2012,Minnesota,1.8,0.0512,0.0146,0.0299,0.0182,0.0139,0.0039,0.041,-0.0256,0.169
2012,Mississippi,1.6,0.0512,0.0146,0.0299,0.0182,0.0139,0.0039,0.081,-0.0753,0.175
2012,Missouri,2.1,0.0512,0.0146,0.0299,0.0182,0.0139,0.0039,0.117,-0.0942,0.163
2012,Montana,1.4,0.0512,0.0146,0.0299,0.0182,0.0139,0.0039,0.082,-0.0905,0.175
2012,Nebraska,1.8,0.0512,0.0146,0.0299,0.0182,0.0139,0.0039,0.019,-0.0568,0.143
2012,Nevada,1.7,0.0512,0.0146,0.0299,0.0182,0.0139,0.0039,-0.088,-0.1228,0.175
2012,New Hampshire,2,0.0512,0.0146,0.0299,0.0182,0.0139,0.0039,0.055,-0.1169,0.205
2012,New Jersey,1.2,0.0512,0.0146,0.0299,0.0182,0.0139,0.0039,0.058,0.0105,0.185
2012,New Mexico,2.2,0.0512,0.0146,0.0299,0.0182,0.0139,0.0039,0.017,-0.0671,0.175
2012,New York,2.4,0.0512,0.0146,0.0299,0.0182,0.0139,0.0039,-0.033,-0.0449,0.139
2012,North Carolina,1.9,0.0512,0.0146,0.0299,0.0182,0.0139,0.0039,0.01,-0.0418,0.137
2012,North Dakota,2.1,0.0512,0.0146,0.0299,0.0182,0.0139,0.0039,0.042,-0.0706,0.163
2012,Ohio,1.7,0.0512,0.0146,0.0299,0.0182,0.0139,0.0039,-0.009,-0.1222,0.175
2012,Oklahoma,2.2,0.0512,0.0146,0.0299,0.0182,0.0139,0.0039,0.027,-0.0237,0.163
2012,Oregon,2,0.0512,0.0146,0.0299,0.0182,0.0139,0.0039,0.084,-0.1398,0.175
2012,Pacific Islands,1.9,0.0512,0.0146,0.0299,0.0182,0.0139,0.0039,0.09,-0.061779242,0.175
2012,Pennsylvania,2,0.0512,0.0146,0.0299,0.0182,0.0139,0.0039,0.039,-0.1248,0.206
2012,Puerto Rico,2,0.0512,0.0146,0.0299,0.0182,0.0139,0.0039,-0.002,-0.061779242,0.175
2012,Rhode Island,1.7,0.0512,0.0146,0.0299,0.0182,0.0139,0.0039,0.016,-0.034,0.172
2012,South Carolina,1.9,0.0512,0.0146,0.0299,0.0182,0.0139,0.0039,0.046,-0.1274,0.171
2012,South Dakota,2.3,0.0512,0.0146,0.0299,0.0182,0.0139,0.0039,0.041,-0.0405,0.163
2012,Tennessee,1.6,0.0512,0.0146,0.0299,0.0182,0.0139,0.0039,0.164,-0.1391,0.163
2012,Texas,1.3,0.0512,0.0146,0.0299,0.0182,0.0139,0.0039,-0.061,-0.0331,0.175
2012,US,1.8,0.0512,0.0146,0.0299,0.0182,0.0139,0.0039,0.016,-0.061779242,0.175
2012,Utah,1.8,0.0512,0.0146,0.0299,0.0182,0.0139,0.0039,0.013,-0.0816,0.175
2012,Vermont,3.3,0.0512,0.0146,0.0299,0.0182,0.0139,0.0039,0.04,-0.0795,0.18
2012,Virgin Islands,2.3,0.0512,0.0146,0.0299,0.0182,0.0139,0.0039,-0.002,-0.061779242,0.175
2012,Virginia,1.6,0.0512,0.0146,0.0299,0.0182,0.0139,0.0039,-0.051,-0.0665,0.192
2012,Washington,2.3,0.0512,0.0146,0.0299,0.0182,0.0139,0.0039,0.044,-0.1226,0.175
2012,West Virginia,2.3,0.0512,0.0146,0.0299,0.0182,0.0139,0.0039,0.055,-0.039,0.171
2012,Wisconsin,1.9,0.0512,0.0146,0.0299,0.0182,0.0139,0.0039,0.026,-0.2278,0.151
2012,Wyoming,1.6,0.0512,0.0146,0.0299,0.0182,0.0139,0.0039,0.023,-0.0863,0.175
2013,Alabama,2.4,0.0519,0.0162,0.0281,0.0225,0.0343,-0.0216,0.062,-0.045,0.334
2013,Alaska,3.1,0.0519,0.0162,0.0281,0.0225,0.0343,-0.0216,0.054,-0.013,0.334
2013,Arizona,1.9,0.0519,0.0162,0.0281,0.0225,0.0343,-0.0216,0.033,-0.052,0.334
2013,Arkansas,2.2,0.0519,0.0162,0.0281,0.0225,0.0343,-0.0216,0.1,-0.006,0.334
2013,California,2.3,0.0519,0.0162,0.0281,0.0225,0.0343,-0.0216,0.013,0.001,0.334
2013,Colorado,2.1,0.0519,0.0162,0.0281,0.0225,0.0343,-0.0216,0.028,0.015,0.334
2013,District of Columbia,1.7,0.0519,0.0162,0.0281,0.0225,0.0343,-0.0216,-0.025,-0.074,0.326
2013,Connecticut,1.5,0.0519,0.0162,0.0281,0.0225,0.0343,-0.0216,-0.105,-0.035,0.303
2013,Delaware,2.2,0.0519,0.0162,0.0281,0.0225,0.0343,-0.0216,0.013,0.017,0.315
2013,Florida,2.3,0.0519,0.0162,0.0281,0.0225,0.0343,-0.0216,0.004,0.015,0.319
2013,Georgia,2.9,0.0519,0.0162,0.0281,0.0225,0.0343,-0.0216,0.08,0.036,0.319
2013,Hawaii,5.5,0.0519,0.0162,0.0281,0.0225,0.0343,-0.0216,0.186,0.242,0.334
2013,Idaho,1.8,0.0519,0.0162,0.0281,0.0225,0.0343,-0.0216,0.04,-0.017,0.334
2013,Illinois,1.3,0.0519,0.0162,0.0281,0.0225,0.0343,-0.0216,0.023,-0.065,0.391
2013,Indiana,2.4,0.0519,0.0162,0.0281,0.0225,0.0343,-0.0216,0.077,0.096,0.297
2013,Iowa,1.7,0.0519,0.0162,0.0281,0.0225,0.0343,-0.0216,0.017,-0.003,0.323
2013,Kansas,2.2,0.0519,0.0162,0.0281,0.0225,0.0343,-0.0216,0.101,-0.064,0.391
2013,Kentucky,2.6,0.0519,0.0162,0.0281,0.0225,0.0343,-0.0216,0.032,0.042,0.548
2013,Louisiana,2.1,0.0519,0.0162,0.0281,0.0225,0.0343,-0.0216,0.019,-0.031,0.334
2013,Maine,2.2,0.0519,0.0162,0.0281,0.0225,0.0343,-0.0216,-0.046,0.004,0.379
2013,Maryland,1.5,0.0519,0.0162,0.0281,0.0225,0.0343,-0.0216,-0.063,-0.027,0.344
2013,Massachusetts,1.8,0.0519,0.0162,0.0281,0.0225,0.0343,-0.0216,0.073,-0.05,0.346
2013,Michigan,1.7,0.0519,0.0162,0.0281,0.0225,0.0343,-0.0216,0.066,-0.075,-1
2013,Minnesota,2,0.0519,0.0162,0.0281,0.0225,0.0343,-0.0216,0.037,0.01,0.299
2013,Mississippi,2.1,0.0519,0.0162,0.0281,0.0225,0.0343,-0.0216,0.071,-0.071,0.334
2013,Missouri,2.6,0.0519,0.0162,0.0281,0.0225,0.0343,-0.0216,0.085,0.031,0.391
2013,Montana,2.6,0.0519,0.0162,0.0281,0.0225,0.0343,-0.0216,0.028,0.019,0.334
2013,Nebraska,2,0.0519,0.0162,0.0281,0.0225,0.0343,-0.0216,0.098,-0.012,0.316
2013,Nevada,1.5,0.0519,0.0162,0.0281,0.0225,0.0343,-0.0216,0.059,-0.13,0.334
2013,New Hampshire,2,0.0519,0.0162,0.0281,0.0225,0.0343,-0.0216,-0.012,0.015,0.416
2013,New Jersey,1.6,0.0519,0.0162,0.0281,0.0225,0.0343,-0.0216,-0.03,-0.083,0.281
2013,New Mexico,2.1,0.0519,0.0162,0.0281,0.0225,0.0343,-0.0216,0.055,-0.051,0.334
2013,New York,2.1,0.0519,0.0162,0.0281,0.0225,0.0343,-0.0216,-0.054,-0.024,0.299
2013,North Carolina,2.2,0.0519,0.0162,0.0281,0.0225,0.0343,-0.0216,0.066,0.004,0.296
2013,North Dakota,2.3,0.0519,0.0162,0.0281,0.0225,0.0343,-0.0216,0.103,0.002,0.391
2013,Ohio,1.9,0.0519,0.0162,0.0281,0.0225,0.0343,-0.0216,0.055,-0.031,0.342
2013,Oklahoma,2,0.0519,0.0162,0.0281,0.0225,0.0343,-0.0216,0.144,-0.072,0.391
2013,Oregon,2.4,0.0519,0.0162,0.0281,0.0225,0.0343,-0.0216,0.026,-0.058,0.334
2013,Pacific Islands,5.4,0.0519,0.0162,0.0281,0.0225,0.0343,-0.0216,0.115,0.242,0.334
2013,Pennsylvania,2.3,0.0519,0.0162,0.0281,0.0225,0.0343,-0.0216,0.016,-0.034,0.365
2013,Puerto Rico,2.3,0.0519,0.0162,0.0281,0.0225,0.0343,-0.0216,0.043,0.015,0.334
2013,Rhode Island,1.2,0.0519,0.0162,0.0281,0.0225,0.0343,-0.0216,-0.087,-0.07,0.311
2013,South Carolina,2.3,0.0519,0.0162,0.0281,0.0225,0.0343,-0.0216,0.081,-0.006,0.319
2013,South Dakota,2.5,0.0519,0.0162,0.0281,0.0225,0.0343,-0.0216,0.102,-0.021,0.391
2013,Tennessee,2.4,0.0519,0.0162,0.0281,0.0225,0.0343,-0.0216,0.022,-0.024,0.391
2013,Texas,1.7,0.0519,0.0162,0.0281,0.0225,0.0343,-0.0216,0.038,-0.056,0.334
2013,US,2.1,0.0519,0.0162,0.0281,0.0225,0.0343,-0.0216,0.041,-0.032,0.334
2013,Utah,2.2,0.0519,0.0162,0.0281,0.0225,0.0343,-0.0216,0.12,0.027,0.334
2013,Vermont,3.3,0.0519,0.0162,0.0281,0.0225,0.0343,-0.0216,0.07,0.002,0.359
2013,Virgin Islands,2.7,0.0519,0.0162,0.0281,0.0225,0.0343,-0.0216,0.043,0.015,0.334
2013,Virginia,2.3,0.0519,0.0162,0.0281,0.0225,0.0343,-0.0216,0.123,-0.001,0.333
2013,Washington,2.4,0.0519,0.0162,0.0281,0.0225,0.0343,-0.0216,0.027,0.005,0.334
2013,West Virginia,2.5,0.0519,0.0162,0.0281,0.0225,0.0343,-0.0216,0.099,-0.042,0.319
2013,Wisconsin,1.7,0.0519,0.0162,0.0281,0.0225,0.0343,-0.0216,0.022,-0.055,0.316
2013,Wyoming,2.5,0.0519,0.0162,0.0281,0.0225,0.0343,-0.0216,0.081,0.016,0.334
2014,Alabama,2.2,0.0476,0.0186,0.0197,0.0126,0.0258,0.0162,-0.027,0.074,0.116
2014,Alaska,1.7,0.0476,0.0186,0.0197,0.0126,0.0258,0.0162,0.003,-0.034,0.116
2014,Arizona,2.1,0.0476,0.0186,0.0197,0.0126,0.0258,0.0162,0.042,0.047,0.116
2014,Arkansas,2.1,0.0476,0.0186,0.0197,0.0126,0.0258,0.0162,0.046,0.031,0.116
2014,California,2,0.0476,0.0186,0.0197,0.0126,0.0258,0.0162,0.052,-0.08,0.116
2014,Colorado,1.9,0.0476,0.0186,0.0197,0.0126,0.0258,0.0162,0.052,0.004,0.116
2014,District of Columbia,1.3,0.0476,0.0186,0.0197,0.0126,0.0258,0.0162,-0.009,0.025,0.13
2014,Connecticut,1.6,0.0476,0.0186,0.0197,0.0126,0.0258,0.0162,-0.02,-0.074,0.136
2014,Delaware,1.8,0.0476,0.0186,0.0197,0.0126,0.0258,0.0162,-0.04,-0.009,0.106
2014,Florida,2,0.0476,0.0186,0.0197,0.0126,0.0258,0.0162,-0.004,0.01,0.084
2014,Georgia,2,0.0476,0.0186,0.0197,0.0126,0.0258,0.0162,-0.001,0.032,0.084
2014,Hawaii,2.4,0.0476,0.0186,0.0197,0.0126,0.0258,0.0162,-0.006,-0.044,0.116
2014,Idaho,2.2,0.0476,0.0186,0.0197,0.0126,0.0258,0.0162,0.064,-0.061,0.116
2014,Illinois,1.4,0.0476,0.0186,0.0197,0.0126,0.0258,0.0162,-0.052,-0.059,0.143
2014,Indiana,1.9,0.0476,0.0186,0.0197,0.0126,0.0258,0.0162,0.016,-0.055,0.148
2014,Iowa,2,0.0476,0.0186,0.0197,0.0126,0.0258,0.0162,0.031,-0.008,0.107
2014,Kansas,2.2,0.0476,0.0186,0.0197,0.0126,0.0258,0.0162,0.056,0.019,0.143
2014,Kentucky,2,0.0476,0.0186,0.0197,0.0126,0.0258,0.0162,0.047,-0.024,0.133
2014,Louisiana,1.6,0.0476,0.0186,0.0197,0.0126,0.0258,0.0162,0.092,0.015,0.116
2014,Maine,1.8,0.0476,0.0186,0.0197,0.0126,0.0258,0.0162,-0.031,0.123,0.095
2014,Maryland,1.7,0.0476,0.0186,0.0197,0.0126,0.0258,0.0162,-0.003,0.006,0.117
2014,Massachusetts,1.7,0.0476,0.0186,0.0197,0.0126,0.0258,0.0162,-0.031,-0.043,0.126
2014,Michigan,1.9,0.0476,0.0186,0.0197,0.0126,0.0258,0.0162,0.027,-0.05,0.106
2014,Minnesota,1.6,0.0476,0.0186,0.0197,0.0126,0.0258,0.0162,0.042,-0.097,0.071
2014,Mississippi,2,0.0476,0.0186,0.0197,0.0126,0.0258,0.0162,-0.009,0.014,0.116
2014,Missouri,2.1,0.0476,0.0186,0.0197,0.0126,0.0258,0.0162,0.062,0.019,0.143
2014,Montana,1.7,0.0476,0.0186,0.0197,0.0126,0.0258,0.0162,0.024,-0.085,0.116
2014,Nebraska,2.2,0.0476,0.0186,0.0197,0.0126,0.0258,0.0162,0.047,-0.018,0.089
2014,Nevada,2,0.0476,0.0186,0.0197,0.0126,0.0258,0.0162,-0.076,-0.049,0.116
2014,New Hampshire,1.2,0.0476,0.0186,0.0197,0.0126,0.0258,0.0162,0.012,-0.063,0.108
2014,New Jersey,1.4,0.0476,0.0186,0.0197,0.0126,0.0258,0.0162,-0.059,-0.059,0.117
2014,New Mexico,1.9,0.0476,0.0186,0.0197,0.0126,0.0258,0.0162,0.055,-0.049,0.116
2014,New York,1.4,0.0476,0.0186,0.0197,0.0126,0.0258,0.0162,0.157,-0.054,0.103
2014,North Carolina,2.1,0.0476,0.0186,0.0197,0.0126,0.0258,0.0162,-0.023,-0.029,0.069
2014,North Dakota,2,0.0476,0.0186,0.0197,0.0126,0.0258,0.0162,0.017,-0.083,0.143
2014,Ohio,1.7,0.0476,0.0186,0.0197,0.0126,0.0258,0.0162,0.007,-0.081,0.168
2014,Oklahoma,2,0.0476,0.0186,0.0197,0.0126,0.0258,0.0162,-0.031,0.076,0.143
2014,Oregon,2.1,0.0476,0.0186,0.0197,0.0126,0.0258,0.0162,0.007,-0.046,0.116
2014,Pacific Islands,2.4,0.0476,0.0186,0.0197,0.0126,0.0258,0.0162,0.007,-0.044,0.116
2014,Pennsylvania,1.5,0.0476,0.0186,0.0197,0.0126,0.0258,0.0162,-0.042,-0.038,0.12
2014,Puerto Rico,1.9,0.0476,0.0186,0.0197,0.0126,0.0258,0.0162,-0.017,0.01,0.116
2014,Rhode Island,1.6,0.0476,0.0186,0.0197,0.0126,0.0258,0.0162,0.081,-0.068,0.137
2014,South Carolina,2.2,0.0476,0.0186,0.0197,0.0126,0.0258,0.0162,-0.003,0.025,0.084
2014,South Dakota,2.3,0.0476,0.0186,0.0197,0.0126,0.0258,0.0162,0.024,-0.023,0.143
2014,Tennessee,1.9,0.0476,0.0186,0.0197,0.0126,0.0258,0.0162,-0.003,-0.025,0.143
2014,Texas,2,0.0476,0.0186,0.0197,0.0126,0.0258,0.0162,0,0.033,0.116
2014,US,1.9,0.0476,0.0186,0.0197,0.0126,0.0258,0.0162,0.01,-0.034,0.116
2014,Utah,2.4,0.0476,0.0186,0.0197,0.0126,0.0258,0.0162,0.038,0.031,0.116
2014,Vermont,2.2,0.0476,0.0186,0.0197,0.0126,0.0258,0.0162,-0.043,0.035,0.142
2014,Virgin Islands,2.2,0.0476,0.0186,0.0197,0.0126,0.0258,0.0162,-0.017,0.01,0.116
2014,Virginia,2,0.0476,0.0186,0.0197,0.0126,0.0258,0.0162,-0.06,-0.024,0.093
2014,Washington,2.1,0.0476,0.0186,0.0197,0.0126,0.0258,0.0162,0.03,-0.035,0.116
2014,West Virginia,2.3,0.0476,0.0186,0.0197,0.0126,0.0258,0.0162,-0.025,-0.013,0.084
2014,Wisconsin,1.7,0.0476,0.0186,0.0197,0.0126,0.0258,0.0162,0.018,-0.051,0.095
2014,Wyoming,2.2,0.0476,0.0186,0.0197,0.0126,0.0258,0.0162,0.043,-0.034,0.116
2015,Alabama,1.9,0.0325,0.0173,0.0185,0.0132,0.0541,0.0231,0.027,-0.045,0.015
2015,Alaska,2.2,0.0325,0.0173,0.0185,0.0132,0.0541,0.0231,0.022,0.045,0.015
2015,Arizona,2,0.0325,0.0173,0.0185,0.0132,0.0541,0.0231,0.041,-0.116,0.015
2015,Arkansas,1.9,0.0325,0.0173,0.0185,0.0132,0.0541,0.0231,-0.069,-0.115,0.015
2015,California,2.6,0.0325,0.0173,0.0185,0.0132,0.0541,0.0231,0.052,0.085,0.015
2015,Colorado,2,0.0325,0.0173,0.0185,0.0132,0.0541,0.0231,0.033,-0.052,0.015
2015,District of Columbia,2.3,0.0325,0.0173,0.0185,0.0132,0.0541,0.0231,0.149,-0.06,0.017
2015,Connecticut,1.7,0.0325,0.0173,0.0185,0.0132,0.0541,0.0231,0.061,0.029,0.04
2015,Delaware,1.5,0.0325,0.0173,0.0185,0.0132,0.0541,0.0231,-0.026,-0.104,0.057
2015,Florida,2.2,0.0325,0.0173,0.0185,0.0132,0.0541,0.0231,0.047,0.007,0.027
2015,Georgia,2,0.0325,0.0173,0.0185,0.0132,0.0541,0.0231,0.035,-0.1,0.027
2015,Hawaii,1.5,0.0325,0.0173,0.0185,0.0132,0.0541,0.0231,0.007,-0.071,0.015
2015,Idaho,2.5,0.0325,0.0173,0.0185,0.0132,0.0541,0.0231,0.052,-0.017,0.015
2015,Illinois,1.7,0.0325,0.0173,0.0185,0.0132,0.0541,0.0231,0.008,-0.007,0.049
2015,Indiana,2.1,0.0325,0.0173,0.0185,0.0132,0.0541,0.0231,0.038,-0.057,-0.041
2015,Iowa,2.1,0.0325,0.0173,0.0185,0.0132,0.0541,0.0231,-0.001,-0.05,-0.03
2015,Kansas,2.2,0.0325,0.0173,0.0185,0.0132,0.0541,0.0231,-0.012,0.007,0.049
2015,Kentucky,2.1,0.0325,0.0173,0.0185,0.0132,0.0541,0.0231,0.014,-0.038,0.212
2015,Louisiana,2.7,0.0325,0.0173,0.0185,0.0132,0.0541,0.0231,-0.035,-0.064,0.015
2015,Maine,1.8,0.0325,0.0173,0.0185,0.0132,0.0541,0.0231,-0.004,-0.046,0.007
2015,Maryland,2.1,0.0325,0.0173,0.0185,0.0132,0.0541,0.0231,0.08,-0.041,0.052
2015,Massachusetts,2.4,0.0325,0.0173,0.0185,0.0132,0.0541,0.0231,0.17,0.02,0.021
2015,Michigan,1.4,0.0325,0.0173,0.0185,0.0132,0.0541,0.0231,0.007,-0.086,-0.018
2015,Minnesota,2.4,0.0325,0.0173,0.0185,0.0132,0.0541,0.0231,0.019,0.025,-0.042
2015,Mississippi,2.4,0.0325,0.0173,0.0185,0.0132,0.0541,0.0231,0.022,-0.063,0.015
2015,Missouri,2,0.0325,0.0173,0.0185,0.0132,0.0541,0.0231,-0.039,-0.112,0.049
2015,Montana,2.2,0.0325,0.0173,0.0185,0.0132,0.0541,0.0231,-0.008,0.017,0.015
2015,Nebraska,2.1,0.0325,0.0173,0.0185,0.0132,0.0541,0.0231,-0.017,-0.033,-0.031
2015,Nevada,2,0.0325,0.0173,0.0185,0.0132,0.0541,0.0231,0.126,-0.071,0.015
2015,New Hampshire,2.2,0.0325,0.0173,0.0185,0.0132,0.0541,0.0231,0.052,0.007,0.021
2015,New Jersey,2,0.0325,0.0173,0.0185,0.0132,0.0541,0.0231,0.024,-0.018,0.029
2015,New Mexico,2.4,0.0325,0.0173,0.0185,0.0132,0.0541,0.0231,0.013,0.026,0.015
2015,New York,2.2,0.0325,0.0173,0.0185,0.0132,0.0541,0.0231,0.136,-0.037,0.012
2015,North Carolina,2,0.0325,0.0173,0.0185,0.0132,0.0541,0.0231,0.048,-0.03,0.015
2015,North Dakota,2,0.0325,0.0173,0.0185,0.0132,0.0541,0.0231,0.002,0,0.049
2015,Ohio,2,0.0325,0.0173,0.0185,0.0132,0.0541,0.0231,0.005,-0.045,-0.018
2015,Oklahoma,1.8,0.0325,0.0173,0.0185,0.0132,0.0541,0.0231,0.02,-0.125,0.049
2015,Oregon,2.2,0.0325,0.0173,0.0185,0.0132,0.0541,0.0231,0.055,-0.034,0.015
2015,Pacific Islands,1.5,0.0325,0.0173,0.0185,0.0132,0.0541,0.0231,0.025,-0.071,0.015
2015,Pennsylvania,2,0.0325,0.0173,0.0185,0.0132,0.0541,0.0231,0.091,-0.03,-0.006
2015,Puerto Rico,2,0.0325,0.0173,0.0185,0.0132,0.0541,0.0231,0.036,0.007,0.015
2015,Rhode Island,2.7,0.0325,0.0173,0.0185,0.0132,0.0541,0.0231,0.15,0.018,0.02
2015,South Carolina,2.2,0.0325,0.0173,0.0185,0.0132,0.0541,0.0231,0.038,-0.048,0.027
2015,South Dakota,2,0.0325,0.0173,0.0185,0.0132,0.0541,0.0231,0.015,-0.019,0.049
2015,Tennessee,2,0.0325,0.0173,0.0185,0.0132,0.0541,0.0231,0.017,-0.051,0.049
2015,Texas,2.4,0.0325,0.0173,0.0185,0.0132,0.0541,0.0231,0.018,-0.005,0.015
2015,US,2.1,0.0325,0.0173,0.0185,0.0132,0.0541,0.0231,0.027,-0.031,0.015
2015,Utah,2.2,0.0325,0.0173,0.0185,0.0132,0.0541,0.0231,0.031,-0.017,0.015
2015,Vermont,2,0.0325,0.0173,0.0185,0.0132,0.0541,0.0231,0.047,-0.051,0.005
2015,Virgin Islands,2.4,0.0325,0.0173,0.0185,0.0132,0.0541,0.0231,0.036,0.007,0.015
2015,Virginia,1.8,0.0325,0.0173,0.0185,0.0132,0.0541,0.0231,-0.016,-0.06,0.032
2015,Washington,2.2,0.0325,0.0173,0.0185,0.0132,0.0541,0.0231,0.009,-0.042,0.015
2015,West Virginia,1.6,0.0325,0.0173,0.0185,0.0132,0.0541,0.0231,-0.032,-0.073,0.027
2015,Wisconsin,2.1,0.0325,0.0173,0.0185,0.0132,0.0541,0.0231,0.01,-0.067,0.005
2015,Wyoming,2.1,0.0325,0.0173,0.0185,0.0132,0.0541,0.0231,0.029,-0.018,0.015
2016,Alabama,2.6,0.0464,0.0171,0.0255,0.0088,0.0323,0.0286,-0.004,-0.055,0.081
2016,Alaska,1.4,0.0464,0.0171,0.0255,0.0088,0.0323,0.0286,0.065,0.029,0.081
2016,Arizona,3,0.0464,0.0171,0.0255,0.0088,0.0323,0.0286,0.035,0.236,0.081
2016,Arkansas,2.4,0.0464,0.0171,0.0255,0.0088,0.0323,0.0286,0.073,-0.007,0.081
2016,California,3,0.0464,0.0171,0.0255,0.0088,0.0323,0.0286,0.063,0.16,0.081
2016,Colorado,2.8,0.0464,0.0171,0.0255,0.0088,0.0323,0.0286,0.017,0.132,0.081
2016,District of Columbia,2.8,0.0464,0.0171,0.0255,0.0088,0.0323,0.0286,0.126,0.061,0.092
2016,Connecticut,2.8,0.0464,0.0171,0.0255,0.0088,0.0323,0.0286,0.036,0.048,0.111
2016,Delaware,2.3,0.0464,0.0171,0.0255,0.0088,0.0323,0.0286,0.093,-0.032,0.061
2016,Florida,2.9,0.0464,0.0171,0.0255,0.0088,0.0323,0.0286,0.006,0.03,0.066
2016,Georgia,2.6,0.0464,0.0171,0.0255,0.0088,0.0323,0.0286,-0.015,-0.01,0.066
2016,Hawaii,2.3,0.0464,0.0171,0.0255,0.0088,0.0323,0.0286,-0.17,-0.033,0.081
2016,Idaho,2.8,0.0464,0.0171,0.0255,0.0088,0.0323,0.0286,0.033,0.052,0.081
2016,Illinois,3.4,0.0464,0.0171,0.0255,0.0088,0.0323,0.0286,0.086,0.17,0.044
2016,Indiana,2.7,0.0464,0.0171,0.0255,0.0088,0.0323,0.0286,0.025,0.07,0.064
2016,Iowa,2.9,0.0464,0.0171,0.0255,0.0088,0.0323,0.0286,0.04,0.115,0.004
2016,Kansas,2.7,0.0464,0.0171,0.0255,0.0088,0.0323,0.0286,0.052,0.039,0.044
2016,Kentucky,2.8,0.0464,0.0171,0.0255,0.0088,0.0323,0.0286,0.009,0.084,0.054
2016,Louisiana,2.6,0.0464,0.0171,0.0255,0.0088,0.0323,0.0286,0.009,0.008,0.081
2016,Maine,2.8,0.0464,0.0171,0.0255,0.0088,0.0323,0.0286,0.138,0.111,0.079
2016,Maryland,2.7,0.0464,0.0171,0.0255,0.0088,0.0323,0.0286,-0.033,0.046,0.091
2016,Massachusetts,3,0.0464,0.0171,0.0255,0.0088,0.0323,0.0286,0.242,0.075,0.089
2016,Michigan,2.5,0.0464,0.0171,0.0255,0.0088,0.0323,0.0286,-0.016,0.026,0.056
2016,Minnesota,3,0.0464,0.0171,0.0255,0.0088,0.0323,0.0286,0.002,0.208,0.009
2016,Mississippi,2.9,0.0464,0.0171,0.0255,0.0088,0.0323,0.0286,0.069,0.057,0.081
2016,Missouri,2.3,0.0464,0.0171,0.0255,0.0088,0.0323,0.0286,0.054,-0.005,0.044
2016,Montana,2.6,0.0464,0.0171,0.0255,0.0088,0.0323,0.0286,0.053,0.112,0.081
2016,Nebraska,2.8,0.0464,0.0171,0.0255,0.0088,0.0323,0.0286,0.044,0.045,0.006
2016,Nevada,3.2,0.0464,0.0171,0.0255,0.0088,0.0323,0.0286,0.031,0.214,0.081
2016,New Hampshire,3.1,0.0464,0.0171,0.0255,0.0088,0.0323,0.0286,0.132,0.176,0.101
2016,New Jersey,1.9,0.0464,0.0171,0.0255,0.0088,0.0323,0.0286,-0.011,-0.11,0.103
2016,New Mexico,3.4,0.0464,0.0171,0.0255,0.0088,0.0323,0.0286,0.101,0.136,0.081
2016,New York,2.1,0.0464,0.0171,0.0255,0.0088,0.0323,0.0286,-0.089,0.004,0.057
2016,North Carolina,2.5,0.0464,0.0171,0.0255,0.0088,0.0323,0.0286,-0.032,0.004,0.042
2016,North Dakota,2.9,0.0464,0.0171,0.0255,0.0088,0.0323,0.0286,0.04,0.192,0.044
2016,Ohio,2.8,0.0464,0.0171,0.0255,0.0088,0.0323,0.0286,0.091,0.074,0.104
2016,Oklahoma,2.7,0.0464,0.0171,0.0255,0.0088,0.0323,0.0286,0.022,0.04,0.044
2016,Oregon,2.8,0.0464,0.0171,0.0255,0.0088,0.0323,0.0286,0.022,0.081,0.081
2016,Pacific Islands,2.3,0.0464,0.0171,0.0255,0.0088,0.0323,0.0286,-0.113,-0.033,0.081
2016,Pennsylvania,2.7,0.0464,0.0171,0.0255,0.0088,0.0323,0.0286,-0.038,0.012,0.095
2016,Puerto Rico,2.7,0.0464,0.0171,0.0255,0.0088,0.0323,0.0286,0.004,0.03,0.081
2016,Rhode Island,3.3,0.0464,0.0171,0.0255,0.0088,0.0323,0.0286,0.086,0.041,0.085
2016,South Carolina,2.6,0.0464,0.0171,0.0255,0.0088,0.0323,0.0286,0.012,0.003,0.066
2016,South Dakota,3,0.0464,0.0171,0.0255,0.0088,0.0323,0.0286,0.078,0.126,0.044
2016,Tennessee,2.8,0.0464,0.0171,0.0255,0.0088,0.0323,0.0286,0.012,0.073,0.044
2016,Texas,2.8,0.0464,0.0171,0.0255,0.0088,0.0323,0.0286,0.033,0.063,0.081
2016,US,2.8,0.0464,0.0171,0.0255,0.0088,0.0323,0.0286,0.029,0.063,0.081
2016,Utah,2.9,0.0464,0.0171,0.0255,0.0088,0.0323,0.0286,0.041,0.109,0.081
2016,Vermont,1.4,0.0464,0.0171,0.0255,0.0088,0.0323,0.0286,-0.032,-0.075,0.078
2016,Virgin Islands,2.9,0.0464,0.0171,0.0255,0.0088,0.0323,0.0286,0.004,0.03,0.081
2016,Virginia,2.6,0.0464,0.0171,0.0255,0.0088,0.0323,0.0286,0.095,0.033,0.069
2016,Washington,2.5,0.0464,0.0171,0.0255,0.0088,0.0323,0.0286,0.008,-0.069,0.081
2016,West Virginia,2.4,0.0464,0.0171,0.0255,0.0088,0.0323,0.0286,0.001,0.023,0.066
2016,Wisconsin,3.3,0.0464,0.0171,0.0255,0.0088,0.0323,0.0286,0.026,0.216,0.033
2016,Wyoming,3,0.0464,0.0171,0.0255,0.0088,0.0323,0.0286,0.061,0.129,0.081
2017,Alabama,2.1,0.0415,0.0277,0.012,0.0142,0.0092,0.032,0.026,-0.034,-0.18
2017,Alaska,0.5,0.0415,0.0277,0.012,0.0142,0.0092,0.032,0.023,0.058,-0.18
2017,Arizona,2.1,0.0415,0.0277,0.012,0.0142,0.0092,0.032,-0.011,-0.009,-0.18
2017,Arkansas,2.3,0.0415,0.0277,0.012,0.0142,0.0092,0.032,0.009,0.115,-0.18
2017,California,2.2,0.0415,0.0277,0.012,0.0142,0.0092,0.032,0.032,-0.01,-0.18
2017,Colorado,1.7,0.0415,0.0277,0.012,0.0142,0.0092,0.032,-0.038,-0.07,-0.18
2017,District of Columbia,2,0.0415,0.0277,0.012,0.0142,0.0092,0.032,-0.056,-0.115,-0.187
2017,Connecticut,1.1,0.0415,0.0277,0.012,0.0142,0.0092,0.032,-0.074,-0.082,-0.198
2017,Delaware,1.7,0.0415,0.0277,0.012,0.0142,0.0092,0.032,-0.039,-0.045,-0.138
2017,Florida,2,0.0415,0.0277,0.012,0.0142,0.0092,0.032,-0.071,0.017,-0.189
2017,Georgia,2,0.0415,0.0277,0.012,0.0142,0.0092,0.032,-0.02,0.012,-0.189
2017,Hawaii,0,0.0415,0.0277,0.012,0.0142,0.0092,0.032,-0.125,-0.156,-0.18
2017,Idaho,2.3,0.0415,0.0277,0.012,0.0142,0.0092,0.032,0.027,0.006,-0.18
2017,Illinois,1.5,0.0415,0.0277,0.012,0.0142,0.0092,0.032,0.033,-0.169,-0.264
2017,Indiana,2,0.0415,0.0277,0.012,0.0142,0.0092,0.032,-0.009,-0.011,-0.265
2017,Iowa,2.1,0.0415,0.0277,0.012,0.0142,0.0092,0.032,0.01,-0.151,-0.305
2017,Kansas,2,0.0415,0.0277,0.012,0.0142,0.0092,0.032,0.077,-0.04,-0.264
2017,Kentucky,1.9,0.0415,0.0277,0.012,0.0142,0.0092,0.032,0.02,0.024,-0.262
2017,Louisiana,1.8,0.0415,0.0277,0.012,0.0142,0.0092,0.032,-0.027,-0.011,-0.18
2017,Maine,1.4,0.0415,0.0277,0.012,0.0142,0.0092,0.032,-0.065,-0.007,-0.198
2017,Maryland,2.1,0.0415,0.0277,0.012,0.0142,0.0092,0.032,0.071,-0.015,-0.199
2017,Massachusetts,1.8,0.0415,0.0277,0.012,0.0142,0.0092,0.032,-0.09,-0.102,-0.179
2017,Michigan,1.7,0.0415,0.0277,0.012,0.0142,0.0092,0.032,0.078,-0.056,-0.263
2017,Minnesota,1.8,0.0415,0.0277,0.012,0.0142,0.0092,0.032,0.058,-0.111,-0.299
2017,Mississippi,2.1,0.0415,0.0277,0.012,0.0142,0.0092,0.032,-0.093,0.02,-0.18
2017,Missouri,2.2,0.0415,0.0277,0.012,0.0142,0.0092,0.032,-0.005,0.071,-0.264
2017,Montana,2.1,0.0415,0.0277,0.012,0.0142,0.0092,0.032,0.013,-0.099,-0.18
2017,Nebraska,2.3,0.0415,0.0277,0.012,0.0142,0.0092,0.032,0.008,0.01,-0.293
2017,Nevada,2.2,0.0415,0.0277,0.012,0.0142,0.0092,0.032,-0.094,0.033,-0.18
2017,New Hampshire,1.8,0.0415,0.0277,0.012,0.0142,0.0092,0.032,-0.057,-0.006,-0.159
2017,New Jersey,1.3,0.0415,0.0277,0.012,0.0142,0.0092,0.032,0,-0.141,-0.168
2017,New Mexico,1.6,0.0415,0.0277,0.012,0.0142,0.0092,0.032,-0.101,-0.148,-0.18
2017,New York,0.4,0.0415,0.0277,0.012,0.0142,0.0092,0.032,-0.151,-0.107,-0.162
2017,North Carolina,2,0.0415,0.0277,0.012,0.0142,0.0092,0.032,0.001,-0.026,-0.201
2017,North Dakota,2.4,0.0415,0.0277,0.012,0.0142,0.0092,0.032,0.085,-0.08,-0.264
2017,Ohio,1.9,0.0415,0.0277,0.012,0.0142,0.0092,0.032,0.002,-0.064,-0.243
2017,Oklahoma,2,0.0415,0.0277,0.012,0.0142,0.0092,0.032,0.022,0.014,-0.264
2017,Oregon,2.2,0.0415,0.0277,0.012,0.0142,0.0092,0.032,-0.006,0.066,-0.18
2017,Pacific Islands,0,0.0415,0.0277,0.012,0.0142,0.0092,0.032,-0.061,-0.156,-0.18
2017,Pennsylvania,2,0.0415,0.0277,0.012,0.0142,0.0092,0.032,0.079,-0.062,-0.204
2017,Puerto Rico,1.9,0.0415,0.0277,0.012,0.0142,0.0092,0.032,-0.014,0.017,-0.18
2017,Rhode Island,2.1,0.0415,0.0277,0.012,0.0142,0.0092,0.032,-0.068,-0.059,-0.19
2017,South Carolina,2.1,0.0415,0.0277,0.012,0.0142,0.0092,0.032,-0.007,-0.002,-0.189
2017,South Dakota,2.1,0.0415,0.0277,0.012,0.0142,0.0092,0.032,0.01,-0.105,-0.264
2017,Tennessee,2,0.0415,0.0277,0.012,0.0142,0.0092,0.032,-0.02,-0.05,-0.264
2017,Texas,2,0.0415,0.0277,0.012,0.0142,0.0092,0.032,-0.054,-0.047,-0.18
2017,US,1.9,0.0415,0.0277,0.012,0.0142,0.0092,0.032,-0.012,-0.054,-0.18
2017,Utah,2.2,0.0415,0.0277,0.012,0.0142,0.0092,0.032,0.016,0.025,-0.18
2017,Vermont,0.6,0.0415,0.0277,0.012,0.0142,0.0092,0.032,0.022,-0.008,-0.177
2017,Virgin Islands,2,0.0415,0.0277,0.012,0.0142,0.0092,0.032,-0.014,0.017,-0.18
2017,Virginia,2,0.0415,0.0277,0.012,0.0142,0.0092,0.032,-0.018,-0.036,-0.186
2017,Washington,2.2,0.0415,0.0277,0.012,0.0142,0.0092,0.032,0.065,0.115,-0.18
2017,West Virginia,2.6,0.0415,0.0277,0.012,0.0142,0.0092,0.032,0.168,0.026,-0.189
2017,Wisconsin,1.8,0.0415,0.0277,0.012,0.0142,0.0092,0.032,0.01,-0.188,-0.269
2017,Wyoming,2.2,0.0415,0.0277,0.012,0.0142,0.0092,0.032,0.013,-0.001,-0.18
2018,Alabama,2.3,0.0318,0.0204,0.019,0.0058,0.0099,0.0352,0.121,-0.005,-0.12
2018,Alaska,2.9,0.0318,0.0204,0.019,0.0058,0.0099,0.0352,0.043,0.018,-0.12
2018,Arizona,2,0.0318,0.0204,0.019,0.0058,0.0099,0.0352,0.018,-0.103,-0.12
2018,Arkansas,2.2,0.0318,0.0204,0.019,0.0058,0.0099,0.0352,0.077,-0.035,-0.12
2018,California,2.4,0.0318,0.0204,0.019,0.0058,0.0099,0.0352,0.075,0.04,-0.12
2018,Colorado,1.9,0.0318,0.0204,0.019,0.0058,0.0099,0.0352,0.045,-0.111,-0.12
2018,District of Columbia,2,0.0318,0.0204,0.019,0.0058,0.0099,0.0352,-0.038,0.033,-0.119
2018,Connecticut,2.2,0.0318,0.0204,0.019,0.0058,0.0099,0.0352,0.053,-0.09,-0.115
2018,Delaware,2.1,0.0318,0.0204,0.019,0.0058,0.0099,0.0352,0.027,-0.059,-0.09
2018,Florida,2.1,0.0318,0.0204,0.019,0.0058,0.0099,0.0352,0.045,0.048,-0.144
2018,Georgia,2.2,0.0318,0.0204,0.019,0.0058,0.0099,0.0352,0.1,-0.004,-0.144
2018,Hawaii,0.9,0.0318,0.0204,0.019,0.0058,0.0099,0.0352,0.098,-0.09,-0.12
2018,Idaho,2.4,0.0318,0.0204,0.019,0.0058,0.0099,0.0352,-0.002,-0.052,-0.12
2018,Illinois,2.2,0.0318,0.0204,0.019,0.0058,0.0099,0.0352,0.02,-0.011,-0.212
2018,Indiana,2.1,0.0318,0.0204,0.019,0.0058,0.0099,0.0352,0.112,-0.112,-0.2
2018,Iowa,2.5,0.0318,0.0204,0.019,0.0058,0.0099,0.0352,0.03,-0.045,-0.194
2018,Kansas,2.4,0.0318,0.0204,0.019,0.0058,0.0099,0.0352,0.027,-0.031,-0.212
2018,Kentucky,2.1,0.0318,0.0204,0.019,0.0058,0.0099,0.0352,0.091,-0.067,-0.156
2018,Louisiana,2.1,0.0318,0.0204,0.019,0.0058,0.0099,0.0352,0.124,0.054,-0.12
2018,Maine,1.6,0.0318,0.0204,0.019,0.0058,0.0099,0.0352,0.044,-0.177,-0.131
2018,Maryland,2.3,0.0318,0.0204,0.019,0.0058,0.0099,0.0352,0.024,-0.042,-0.123
2018,Massachusetts,1.9,0.0318,0.0204,0.019,0.0058,0.0099,0.0352,0.029,-0.043,-0.108
2018,Michigan,2.2,0.0318,0.0204,0.019,0.0058,0.0099,0.0352,0.037,-0.068,-0.235
2018,Minnesota,2.2,0.0318,0.0204,0.019,0.0058,0.0099,0.0352,0.055,-0.089,-0.166
2018,Mississippi,2,0.0318,0.0204,0.019,0.0058,0.0099,0.0352,0.082,0.037,-0.12
2018,Missouri,1.8,0.0318,0.0204,0.019,0.0058,0.0099,0.0352,0.082,-0.057,-0.212
2018,Montana,1.9,0.0318,0.0204,0.019,0.0058,0.0099,0.0352,0.009,-0.114,-0.12
2018,Nebraska,2.2,0.0318,0.0204,0.019,0.0058,0.0099,0.0352,0.034,-0.096,-0.2
2018,Nevada,1.8,0.0318,0.0204,0.019,0.0058,0.0099,0.0352,-0.025,-0.135,-0.12
2018,New Hampshire,2,0.0318,0.0204,0.019,0.0058,0.0099,0.0352,0.028,-0.119,-0.125
2018,New Jersey,2.4,0.0318,0.0204,0.019,0.0058,0.0099,0.0352,0.012,-0.002,-0.085
2018,New Mexico,1.7,0.0318,0.0204,0.019,0.0058,0.0099,0.0352,0.144,-0.067,-0.12
2018,New York,2,0.0318,0.0204,0.019,0.0058,0.0099,0.0352,0.043,-0.032,-0.111
2018,North Carolina,2.1,0.0318,0.0204,0.019,0.0058,0.0099,0.0352,0.03,-0.022,-0.143
2018,North Dakota,2.5,0.0318,0.0204,0.019,0.0058,0.0099,0.0352,0.003,-0.115,-0.212
2018,Ohio,1.9,0.0318,0.0204,0.019,0.0058,0.0099,0.0352,0.016,-0.05,-0.224
2018,Oklahoma,2.1,0.0318,0.0204,0.019,0.0058,0.0099,0.0352,0.141,0.032,-0.212
2018,Oregon,2.3,0.0318,0.0204,0.019,0.0058,0.0099,0.0352,0.009,-0.066,-0.12
2018,Pacific Islands,0.9,0.0318,0.0204,0.019,0.0058,0.0099,0.0352,0.066,-0.09,-0.12
2018,Pennsylvania,2.1,0.0318,0.0204,0.019,0.0058,0.0099,0.0352,0.022,-0.078,-0.127
2018,Puerto Rico,2,0.0318,0.0204,0.019,0.0058,0.0099,0.0352,0.051,0.048,-0.12
2018,Rhode Island,1.9,0.0318,0.0204,0.019,0.0058,0.0099,0.0352,0.053,-0.031,-0.139
2018,South Carolina,2.3,0.0318,0.0204,0.019,0.0058,0.0099,0.0352,0.085,0,-0.144
2018,South Dakota,2.4,0.0318,0.0204,0.019,0.0058,0.0099,0.0352,0.029,-0.084,-0.212
2018,Tennessee,2.2,0.0318,0.0204,0.019,0.0058,0.0099,0.0352,0.094,-0.043,-0.212
2018,Texas,2.2,0.0318,0.0204,0.019,0.0058,0.0099,0.0352,0.015,0.102,-0.12
2018,US,2.2,0.0318,0.0204,0.019,0.0058,0.0099,0.0352,0.054,-0.032,-0.12
2018,Utah,2.2,0.0318,0.0204,0.019,0.0058,0.0099,0.0352,0.008,-0.062,-0.12
2018,Vermont,2.2,0.0318,0.0204,0.019,0.0058,0.0099,0.0352,0.035,-0.028,-0.167
2018,Virgin Islands,2,0.0318,0.0204,0.019,0.0058,0.0099,0.0352,0.051,0.048,-0.12
2018,Virginia,2.1,0.0318,0.0204,0.019,0.0058,0.0099,0.0352,0.029,-0.065,-0.144
2018,Washington,2.3,0.0318,0.0204,0.019,0.0058,0.0099,0.0352,0.01,-0.087,-0.12
2018,West Virginia,2.8,0.0318,0.0204,0.019,0.0058,0.0099,0.0352,0.084,-0.116,-0.144
2018,Wisconsin,2.3,0.0318,0.0204,0.019,0.0058,0.0099,0.0352,0.02,-0.055,-0.194
2018,Wyoming,2.1,0.0318,0.0204,0.019,0.0058,0.0099,0.0352,0.016,-0.088,-0.12
2019,Alabama,2.9,0.0328,0.0256,0.0249,0.013,0.0097,0.0439,-0.05,0.147,0.124
2019,Alaska,3.5,0.0328,0.0256,0.0249,0.013,0.0097,0.0439,0.031,0.072,0.124
2019,Arizona,2.7,0.0328,0.0256,0.0249,0.013,0.0097,0.0439,0.047,0.033,0.124
2019,Arkansas,2.8,0.0328,0.0256,0.0249,0.013,0.0097,0.0439,-0.003,0.161,0.124
2019,California,2.9,0.0328,0.0256,0.0249,0.013,0.0097,0.0439,0.005,0.055,0.124
2019,Colorado,2.7,0.0328,0.0256,0.0249,0.013,0.0097,0.0439,-0.014,0.099,0.124
2019,District of Columbia,3,0.0328,0.0256,0.0249,0.013,0.0097,0.0439,0.084,0.081,0.14
2019,Connecticut,3.1,0.0328,0.0256,0.0249,0.013,0.0097,0.0439,0.042,0.15,0.035
2019,Delaware,2.6,0.0328,0.0256,0.0249,0.013,0.0097,0.0439,-0.059,0.081,0.116
2019,Florida,2.9,0.0328,0.0256,0.0249,0.013,0.0097,0.0439,0.03,0.043,0.098
2019,Georgia,2.9,0.0328,0.0256,0.0249,0.013,0.0097,0.0439,-0.061,0.163,0.098
2019,Hawaii,3.2,0.0328,0.0256,0.0249,0.013,0.0097,0.0439,0.072,0.066,0.124
2019,Idaho,2.7,0.0328,0.0256,0.0249,0.013,0.0097,0.0439,0.047,-0.06,0.124
2019,Illinois,3.1,0.0328,0.0256,0.0249,0.013,0.0097,0.0439,-0.002,0.121,0.052
2019,Indiana,2.8,0.0328,0.0256,0.0249,0.013,0.0097,0.0439,-0.027,0.129,0.034
2019,Iowa,3.2,0.0328,0.0256,0.0249,0.013,0.0097,0.0439,0.03,0.144,-0.03
2019,Kansas,2.6,0.0328,0.0256,0.0249,0.013,0.0097,0.0439,0.006,0.112,0.052
2019,Kentucky,2.7,0.0328,0.0256,0.0249,0.013,0.0097,0.0439,-0.026,0.146,0.01
2019,Louisiana,2.6,0.0328,0.0256,0.0249,0.013,0.0097,0.0439,-0.057,0.149,0.124
2019,Maine,3,0.0328,0.0256,0.0249,0.013,0.0097,0.0439,0.038,0.057,0.161
2019,Maryland,2.7,0.0328,0.0256,0.0249,0.013,0.0097,0.0439,-0.064,0.125,0.133
2019,Massachusetts,2.8,0.0328,0.0256,0.0249,0.013,0.0097,0.0439,0.091,0.069,0.138
2019,Michigan,2.7,0.0328,0.0256,0.0249,0.013,0.0097,0.0439,0.01,0.021,0.012
2019,Minnesota,3,0.0328,0.0256,0.0249,0.013,0.0097,0.0439,-0.031,0.057,0.018
2019,Mississippi,3,0.0328,0.0256,0.0249,0.013,0.0097,0.0439,0.005,0.176,0.124
2019,Missouri,2.6,0.0328,0.0256,0.0249,0.013,0.0097,0.0439,-0.025,0.077,0.052
2019,Montana,2.6,0.0328,0.0256,0.0249,0.013,0.0097,0.0439,0.002,0.048,0.124
2019,Nebraska,3,0.0328,0.0256,0.0249,0.013,0.0097,0.0439,-0.042,0.125,-0.005
2019,Nevada,2.7,0.0328,0.0256,0.0249,0.013,0.0097,0.0439,0.05,-0.138,0.124
2019,New Hampshire,3.2,0.0328,0.0256,0.0249,0.013,0.0097,0.0439,0.053,0.021,0.179
2019,New Jersey,3.1,0.0328,0.0256,0.0249,0.013,0.0097,0.0439,0.01,0.101,0.128
2019,New Mexico,3.2,0.0328,0.0256,0.0249,0.013,0.0097,0.0439,-0.051,0.145,0.124
2019,New York,3.1,0.0328,0.0256,0.0249,0.013,0.0097,0.0439,0.041,0.111,0.099
2019,North Carolina,2.6,0.0328,0.0256,0.0249,0.013,0.0097,0.0439,0.024,0.175,0.064
2019,North Dakota,2.8,0.0328,0.0256,0.0249,0.013,0.0097,0.0439,-0.031,0.06,0.052
2019,Ohio,2.7,0.0328,0.0256,0.0249,0.013,0.0097,0.0439,0.007,0.076,0.073
2019,Oklahoma,2.7,0.0328,0.0256,0.0249,0.013,0.0097,0.0439,-0.112,0.079,0.052
2019,Oregon,2.6,0.0328,0.0256,0.0249,0.013,0.0097,0.0439,0.029,-0.093,0.124
2019,Pacific Islands,3.2,0.0328,0.0256,0.0249,0.013,0.0097,0.0439,0.061,0.066,0.124
2019,Pennsylvania,2.9,0.0328,0.0256,0.0249,0.013,0.0097,0.0439,-0.027,0.12,0.109
2019,Puerto Rico,2.6,0.0328,0.0256,0.0249,0.013,0.0097,0.0439,-0.002,0.043,0.124
2019,Rhode Island,2.5,0.0328,0.0256,0.0249,0.013,0.0097,0.0439,0.094,0.016,0.12
2019,South Carolina,2.7,0.0328,0.0256,0.0249,0.013,0.0097,0.0439,-0.007,0.147,0.098
2019,South Dakota,2.8,0.0328,0.0256,0.0249,0.013,0.0097,0.0439,-0.004,0.076,0.052
2019,Tennessee,2.7,0.0328,0.0256,0.0249,0.013,0.0097,0.0439,-0.021,0.119,0.052
2019,Texas,2.9,0.0328,0.0256,0.0249,0.013,0.0097,0.0439,-0.026,0.16,0.124
2019,US,2.9,0.0328,0.0256,0.0249,0.013,0.0097,0.0439,-0.013,0.086,0.124
2019,Utah,2.6,0.0328,0.0256,0.0249,0.013,0.0097,0.0439,-0.031,-0.008,0.124
2019,Vermont,0.9,0.0328,0.0256,0.0249,0.013,0.0097,0.0439,0.031,-0.002,0.103
2019,Virgin Islands,2.5,0.0328,0.0256,0.0249,0.013,0.0097,0.0439,-0.002,0.043,0.124
2019,Virginia,2.6,0.0328,0.0256,0.0249,0.013,0.0097,0.0439,0.023,0.134,0.105
2019,Washington,2.7,0.0328,0.0256,0.0249,0.013,0.0097,0.0439,0.036,-0.015,0.124
2019,West Virginia,2.6,0.0328,0.0256,0.0249,0.013,0.0097,0.0439,-0.029,0.018,0.098
2019,Wisconsin,3,0.0328,0.0256,0.0249,0.013,0.0097,0.0439,-0.011,0.041,-0.009
2019,Wyoming,2.7,0.0328,0.0256,0.0249,0.013,0.0097,0.0439,0.005,0.059,0.124
2020,Alabama,2.1,0.0335,0.0288,0.0236,0.0102,0.0064,0.016,0.034,-0.056,0.159
2020,Alaska,2.8,0.0335,0.0288,0.0236,0.0102,0.0064,0.016,0.044,0.045,0.159
2020,Arizona,2.4,0.0335,0.0288,0.0236,0.0102,0.0064,0.016,-0.002,-0.027,0.159
2020,Arkansas,2,0.0335,0.0288,0.0236,0.0102,0.0064,0.016,-0.051,-0.093,0.159
2020,California,2.5,0.0335,0.0288,0.0236,0.0102,0.0064,0.016,0.036,-0.015,0.159
2020,Colorado,2.2,0.0335,0.0288,0.0236,0.0102,0.0064,0.016,0.022,-0.042,0.159
2020,District of Columbia,2.2,0.0335,0.0288,0.0236,0.0102,0.0064,0.016,0.055,-0.002,0.186
2020,Connecticut,2.5,0.0335,0.0288,0.0236,0.0102,0.0064,0.016,-0.027,-0.06,0.139
2020,Delaware,1.9,0.0335,0.0288,0.0236,0.0102,0.0064,0.016,-0.044,-0.019,0.144
2020,Florida,2.3,0.0335,0.0288,0.0236,0.0102,0.0064,0.016,-0.023,0.009,0.087
2020,Georgia,2,0.0335,0.0288,0.0236,0.0102,0.0064,0.016,0.015,-0.174,0.087
2020,Hawaii,3.4,0.0335,0.0288,0.0236,0.0102,0.0064,0.016,0.064,0.118,0.159
2020,Idaho,2.4,0.0335,0.0288,0.0236,0.0102,0.0064,0.016,-0.055,-0.071,0.159
2020,Illinois,2,0.0335,0.0288,0.0236,0.0102,0.0064,0.016,0.015,-0.077,0.062
2020,Indiana,2.2,0.0335,0.0288,0.0236,0.0102,0.0064,0.016,0.042,-0.025,0.047
2020,Iowa,2.4,0.0335,0.0288,0.0236,0.0102,0.0064,0.016,-0.003,-0.039,0.094
2020,Kansas,2.1,0.0335,0.0288,0.0236,0.0102,0.0064,0.016,-0.032,-0.07,0.062
2020,Kentucky,2,0.0335,0.0288,0.0236,0.0102,0.0064,0.016,-0.006,-0.091,0.049
2020,Louisiana,2,0.0335,0.0288,0.0236,0.0102,0.0064,0.016,0.026,-0.107,0.159
2020,Maine,2.7,0.0335,0.0288,0.0236,0.0102,0.0064,0.016,0.051,0.117,0.199
2020,Maryland,2,0.0335,0.0288,0.0236,0.0102,0.0064,0.016,-0.001,-0.091,0.143
2020,Massachusetts,3.3,0.0335,0.0288,0.0236,0.0102,0.0064,0.016,0.009,0.161,0.186
2020,Michigan,2.3,0.0335,0.0288,0.0236,0.0102,0.0064,0.016,-0.033,-0.023,0.068
2020,Minnesota,2.5,0.0335,0.0288,0.0236,0.0102,0.0064,0.016,-0.002,0.026,0.086
2020,Mississippi,2.2,0.0335,0.0288,0.0236,0.0102,0.0064,0.016,-0.005,-0.117,0.159
2020,Missouri,1.8,0.0335,0.0288,0.0236,0.0102,0.0064,0.016,-0.062,-0.12,0.062
2020,Montana,2.1,0.0335,0.0288,0.0236,0.0102,0.0064,0.016,0,-0.039,0.159
2020,Nebraska,2.1,0.0335,0.0288,0.0236,0.0102,0.0064,0.016,-0.005,-0.052,0.066
2020,Nevada,2.5,0.0335,0.0288,0.0236,0.0102,0.0064,0.016,-0.056,0.048,0.159
2020,New Hampshire,2.6,0.0335,0.0288,0.0236,0.0102,0.0064,0.016,0.016,0.055,0.214
2020,New Jersey,2.2,0.0335,0.0288,0.0236,0.0102,0.0064,0.016,0.027,-0.005,0.13
2020,New Mexico,2.1,0.0335,0.0288,0.0236,0.0102,0.0064,0.016,0.03,-0.144,0.159
2020,New York,2.5,0.0335,0.0288,0.0236,0.0102,0.0064,0.016,-0.03,0.027,0.145
2020,North Carolina,2.4,0.0335,0.0288,0.0236,0.0102,0.0064,0.016,0.022,-0.089,0.102
2020,North Dakota,2.2,0.0335,0.0288,0.0236,0.0102,0.0064,0.016,-0.011,-0.058,0.062
2020,Ohio,2,0.0335,0.0288,0.0236,0.0102,0.0064,0.016,-0.034,-0.064,0.07
2020,Oklahoma,1.8,0.0335,0.0288,0.0236,0.0102,0.0064,0.016,-0.034,-0.189,0.062
2020,Oregon,2.4,0.0335,0.0288,0.0236,0.0102,0.0064,0.016,0.005,0.006,0.159
2020,Pacific Islands,3.4,0.0335,0.0288,0.0236,0.0102,0.0064,0.016,0.05,0.118,0.159
2020,Pennsylvania,2.1,0.0335,0.0288,0.0236,0.0102,0.0064,0.016,-0.015,-0.013,0.124
2020,Puerto Rico,2.4,0.0335,0.0288,0.0236,0.0102,0.0064,0.016,-0.005,0.009,0.159
2020,Rhode Island,3.3,0.0335,0.0288,0.0236,0.0102,0.0064,0.016,0.114,0.116,0.168
2020,South Carolina,2.1,0.0335,0.0288,0.0236,0.0102,0.0064,0.016,-0.007,-0.07,0.087
2020,South Dakota,2,0.0335,0.0288,0.0236,0.0102,0.0064,0.016,-0.026,-0.064,0.062
2020,Tennessee,2.2,0.0335,0.0288,0.0236,0.0102,0.0064,0.016,0.039,-0.082,0.062
2020,Texas,2.3,0.0335,0.0288,0.0236,0.0102,0.0064,0.016,0.067,-0.161,0.159
2020,US,2.2,0.0335,0.0288,0.0236,0.0102,0.0064,0.016,0.007,-0.038,0.159
2020,Utah,2.2,0.0335,0.0288,0.0236,0.0102,0.0064,0.016,-0.025,-0.001,0.159
2020,Vermont,2.2,0.0335,0.0288,0.0236,0.0102,0.0064,0.016,-0.076,-0.033,0.181
2020,Virgin Islands,2.2,0.0335,0.0288,0.0236,0.0102,0.0064,0.016,-0.005,0.009,0.159
2020,Virginia,2.3,0.0335,0.0288,0.0236,0.0102,0.0064,0.016,0.012,-0.051,0.082
2020,Washington,2.3,0.0335,0.0288,0.0236,0.0102,0.0064,0.016,-0.018,-0.032,0.159
2020,West Virginia,2,0.0335,0.0288,0.0236,0.0102,0.0064,0.016,-0.102,0.043,0.087
2020,Wisconsin,2.3,0.0335,0.0288,0.0236,0.0102,0.0064,0.016,-0.011,-0.043,0.062
2020,Wyoming,2.2,0.0335,0.0288,0.0236,0.0102,0.0064,0.016,-0.02,-0.046,0.159
2021,Alabama,2.6,0.0293,0.0636,0.0163,0.0027,-0.0075,0.0421,-0.024,0.027,-0.021
2021,Alaska,2.3,0.0293,0.0636,0.0163,0.0027,-0.0075,0.0421,0,0.011,-0.021
2021,Arizona,2.1,0.0293,0.0636,0.0163,0.0027,-0.0075,0.0421,-0.031,-0.123,-0.021
2021,Arkansas,2.4,0.0293,0.0636,0.0163,0.0027,-0.0075,0.0421,0.062,-0.061,-0.021
2021,California,2.7,0.0293,0.0636,0.0163,0.0027,-0.0075,0.0421,0.095,0.053,-0.021
2021,Colorado,2.4,0.0293,0.0636,0.0163,0.0027,-0.0075,0.0421,-0.015,0.004,-0.021
2021,District of Columbia,2.7,0.0293,0.0636,0.0163,0.0027,-0.0075,0.0421,0.053,0.05,-0.033
2021,Connecticut,2.6,0.0293,0.0636,0.0163,0.0027,-0.0075,0.0421,-0.016,0.087,0.029
2021,Delaware,2.2,0.0293,0.0636,0.0163,0.0027,-0.0075,0.0421,0.041,-0.04,0.012
2021,Florida,2.5,0.0293,0.0636,0.0163,0.0027,-0.0075,0.0421,-0.021,0.015,-0.031
2021,Georgia,2.5,0.0293,0.0636,0.0163,0.0027,-0.0075,0.0421,0.014,0.064,-0.031
2021,Hawaii,2,0.0293,0.0636,0.0163,0.0027,-0.0075,0.0421,-0.005,0.015,-0.021
2021,Idaho,2.5,0.0293,0.0636,0.0163,0.0027,-0.0075,0.0421,-0.009,-0.086,-0.021
2021,Illinois,2.6,0.0293,0.0636,0.0163,0.0027,-0.0075,0.0421,0.027,-0.013,-0.092
2021,Indiana,2.5,0.0293,0.0636,0.0163,0.0027,-0.0075,0.0421,-0.011,-0.005,-0.103
2021,Iowa,2.7,0.0293,0.0636,0.0163,0.0027,-0.0075,0.0421,0.017,-0.084,-0.107
2021,Kansas,2,0.0293,0.0636,0.0163,0.0027,-0.0075,0.0421,-0.017,-0.092,-0.092
2021,Kentucky,2.4,0.0293,0.0636,0.0163,0.0027,-0.0075,0.0421,0.003,0.027,-0.067
2021,Louisiana,2.2,0.0293,0.0636,0.0163,0.0027,-0.0075,0.0421,-0.04,-0.014,-0.021
2021,Maine,2.2,0.0293,0.0636,0.0163,0.0027,-0.0075,0.0421,-0.032,-0.017,0.012
2021,Maryland,2.5,0.0293,0.0636,0.0163,0.0027,-0.0075,0.0421,-0.004,0.064,-0.033
2021,Massachusetts,2.3,0.0293,0.0636,0.0163,0.0027,-0.0075,0.0421,0.028,-0.048,-0.002
2021,Michigan,2.5,0.0293,0.0636,0.0163,0.0027,-0.0075,0.0421,0.053,-0.013,-0.111
2021,Minnesota,2.4,0.0293,0.0636,0.0163,0.0027,-0.0075,0.0421,0.015,-0.072,-0.109
2021,Mississippi,2.4,0.0293,0.0636,0.0163,0.0027,-0.0075,0.0421,-0.003,0.013,-0.021
2021,Missouri,2,0.0293,0.0636,0.0163,0.0027,-0.0075,0.0421,0.029,0.004,-0.092
2021,Montana,2,0.0293,0.0636,0.0163,0.0027,-0.0075,0.0421,0.05,-0.031,-0.021
2021,Nebraska,2.5,0.0293,0.0636,0.0163,0.0027,-0.0075,0.0421,0.037,-0.075,-0.087
2021,Nevada,2.7,0.0293,0.0636,0.0163,0.0027,-0.0075,0.0421,0.016,0.028,-0.021
2021,New Hampshire,2.6,0.0293,0.0636,0.0163,0.0027,-0.0075,0.0421,-0.024,0.026,0.019
2021,New Jersey,2.8,0.0293,0.0636,0.0163,0.0027,-0.0075,0.0421,-0.032,0.07,-0.014
2021,New Mexico,2.2,0.0293,0.0636,0.0163,0.0027,-0.0075,0.0421,-0.014,-0.189,-0.021
2021,New York,2,0.0293,0.0636,0.0163,0.0027,-0.0075,0.0421,-0.011,0.019,-0.037
2021,North Carolina,2.6,0.0293,0.0636,0.0163,0.0027,-0.0075,0.0421,-0.012,0.064,-0.042
2021,North Dakota,2.5,0.0293,0.0636,0.0163,0.0027,-0.0075,0.0421,0.03,-0.028,-0.092
2021,Ohio,2.3,0.0293,0.0636,0.0163,0.0027,-0.0075,0.0421,-0.023,0.053,-0.072
2021,Oklahoma,2.2,0.0293,0.0636,0.0163,0.0027,-0.0075,0.0421,-0.014,0.016,-0.092
2021,Oregon,2.4,0.0293,0.0636,0.0163,0.0027,-0.0075,0.0421,0.009,-0.064,-0.021
2021,Pacific Islands,2,0.0293,0.0636,0.0163,0.0027,-0.0075,0.0421,0,0.015,-0.021
2021,Pennsylvania,2.4,0.0293,0.0636,0.0163,0.0027,-0.0075,0.0421,0.01,0.04,-0.038
2021,Puerto Rico,2.5,0.0293,0.0636,0.0163,0.0027,-0.0075,0.0421,0,0.015,-0.021
2021,Rhode Island,2.4,0.0293,0.0636,0.0163,0.0027,-0.0075,0.0421,-0.062,-0.019,-0.027
2021,South Carolina,2.6,0.0293,0.0636,0.0163,0.0027,-0.0075,0.0421,-0.033,-0.029,-0.031
2021,South Dakota,2.3,0.0293,0.0636,0.0163,0.0027,-0.0075,0.0421,0.057,-0.048,-0.092
2021,Tennessee,2.4,0.0293,0.0636,0.0163,0.0027,-0.0075,0.0421,-0.014,0,-0.092
2021,Texas,2.8,0.0293,0.0636,0.0163,0.0027,-0.0075,0.0421,0.01,-0.071,-0.021
2021,US,2.5,0.0293,0.0636,0.0163,0.0027,-0.0075,0.0421,0.008,0.001,-0.021
2021,Utah,2.3,0.0293,0.0636,0.0163,0.0027,-0.0075,0.0421,0,-0.135,-0.021
2021,Vermont,1.8,0.0293,0.0636,0.0163,0.0027,-0.0075,0.0421,0.165,-0.037,-0.038
2021,Virgin Islands,2,0.0293,0.0636,0.0163,0.0027,-0.0075,0.0421,0,0.015,-0.021
2021,Virginia,2.6,0.0293,0.0636,0.0163,0.0027,-0.0075,0.0421,0.045,0.078,-0.025
2021,Washington,2.3,0.0293,0.0636,0.0163,0.0027,-0.0075,0.0421,0.004,-0.045,-0.021
2021,West Virginia,2.2,0.0293,0.0636,0.0163,0.0027,-0.0075,0.0421,0.116,0.006,-0.031
2021,Wisconsin,2.8,0.0293,0.0636,0.0163,0.0027,-0.0075,0.0421,0.037,-0.045,-0.091
2021,Wyoming,2.2,0.0293,0.0636,0.0163,0.0027,-0.0075,0.0421,-0.005,-0.063,-0.021
2022,Alabama,3.1,0.0344,0.0299,0.0248,0.0495,0,0.0486,0.054,0.024,-0.18
2022,Alaska,2.5,0.0344,0.0299,0.0248,0.0495,0,0.0486,-0.006,0.003,-0.18
2022,Arizona,3,0.0344,0.0299,0.0248,0.0495,0,0.0486,0.032,-0.027,-0.18
2022,Arkansas,3.4,0.0344,0.0299,0.0248,0.0495,0,0.0486,0.413,0.111,-0.18
2022,California,3.5,0.0344,0.0299,0.0248,0.0495,0,0.0486,0.04,0.092,-0.18
2022,Colorado,3,0.0344,0.0299,0.0248,0.0495,0,0.0486,0.062,-0.071,-0.18
2022,District of Columbia,2.9,0.0344,0.0299,0.0248,0.0495,0,0.0486,-0.053,0.005,-0.237
2022,Connecticut,2.9,0.0344,0.0299,0.0248,0.0495,0,0.0486,-0.002,-0.069,-0.174
2022,Delaware,3.4,0.0344,0.0299,0.0248,0.0495,0,0.0486,-0.036,0.07,-0.184
2022,Florida,2.9,0.0344,0.0299,0.0248,0.0495,0,0.0486,0.047,-0.013,-0.151
2022,Georgia,3.1,0.0344,0.0299,0.0248,0.0495,0,0.0486,0.038,0.038,-0.151
2022,Hawaii,1.8,0.0344,0.0299,0.0248,0.0495,0,0.0486,-0.031,-0.145,-0.18
2022,Idaho,3.2,0.0344,0.0299,0.0248,0.0495,0,0.0486,0.023,0.035,-0.18
2022,Illinois,3,0.0344,0.0299,0.0248,0.0495,0,0.0486,-0.057,-0.012,-0.252
2022,Indiana,3.1,0.0344,0.0299,0.0248,0.0495,0,0.0486,0.021,-0.01,-0.214
2022,Iowa,3.2,0.0344,0.0299,0.0248,0.0495,0,0.0486,0.022,-0.05,-0.339
2022,Kansas,3,0.0344,0.0299,0.0248,0.0495,0,0.0486,-0.023,0.014,-0.252
2022,Kentucky,3,0.0344,0.0299,0.0248,0.0495,0,0.0486,-0.017,0.027,-0.3
2022,Louisiana,2.8,0.0344,0.0299,0.0248,0.0495,0,0.0486,0.101,0.057,-0.18
2022,Maine,2,0.0344,0.0299,0.0248,0.0495,0,0.0486,-0.047,-0.073,-0.141
2022,Maryland,3.1,0.0344,0.0299,0.0248,0.0495,0,0.0486,-0.067,0.041,-0.234
2022,Massachusetts,2.9,0.0344,0.0299,0.0248,0.0495,0,0.0486,-0.016,-0.001,-0.189
2022,Michigan,3.3,0.0344,0.0299,0.0248,0.0495,0,0.0486,0.075,0.021,-0.307
2022,Minnesota,3.2,0.0344,0.0299,0.0248,0.0495,0,0.0486,0.01,-0.002,-0.166
2022,Mississippi,3.1,0.0344,0.0299,0.0248,0.0495,0,0.0486,0.026,0.088,-0.18
2022,Missouri,2.8,0.0344,0.0299,0.0248,0.0495,0,0.0486,-0.034,-0.002,-0.252
2022,Montana,3.3,0.0344,0.0299,0.0248,0.0495,0,0.0486,-0.032,0.018,-0.18
2022,Nebraska,3.2,0.0344,0.0299,0.0248,0.0495,0,0.0486,-0.041,0.018,-0.284
2022,Nevada,3.1,0.0344,0.0299,0.0248,0.0495,0,0.0486,-0.012,0.091,-0.18
2022,New Hampshire,2.4,0.0344,0.0299,0.0248,0.0495,0,0.0486,-0.021,-0.069,-0.114
2022,New Jersey,3,0.0344,0.0299,0.0248,0.0495,0,0.0486,0.043,0.02,-0.186
2022,New Mexico,3.4,0.0344,0.0299,0.0248,0.0495,0,0.0486,0.044,0.1,-0.18
2022,New York,2.9,0.0344,0.0299,0.0248,0.0495,0,0.0486,0.076,0.015,-0.177
2022,North Carolina,3.2,0.0344,0.0299,0.0248,0.0495,0,0.0486,-0.02,0.027,-0.164
2022,North Dakota,3,0.0344,0.0299,0.0248,0.0495,0,0.0486,0.023,-0.026,-0.252
2022,Ohio,2.8,0.0344,0.0299,0.0248,0.0495,0,0.0486,-0.012,-0.005,-0.258
2022,Oklahoma,2.8,0.0344,0.0299,0.0248,0.0495,0,0.0486,1.619,-0.031,-0.252
2022,Oregon,3.2,0.0344,0.0299,0.0248,0.0495,0,0.0486,0.002,0.094,-0.18
2022,Pacific Islands,1.8,0.0344,0.0299,0.0248,0.0495,0,0.0486,-0.016,-0.145,-0.18
2022,Pennsylvania,2.8,0.0344,0.0299,0.0248,0.0495,0,0.0486,-0.047,-0.019,-0.15
2022,Puerto Rico,2.9,0.0344,0.0299,0.0248,0.0495,0,0.0486,0.003,-0.013,-0.18
2022,Rhode Island,2.7,0.0344,0.0299,0.0248,0.0495,0,0.0486,0.064,-0.02,-0.17
2022,South Carolina,3,0.0344,0.0299,0.0248,0.0495,0,0.0486,0.033,0.032,-0.151
2022,South Dakota,3.1,0.0344,0.0299,0.0248,0.0495,0,0.0486,0.114,-0.025,-0.252
2022,Tennessee,3,0.0344,0.0299,0.0248,0.0495,0,0.0486,-0.031,-0.052,-0.252
2022,Texas,3.3,0.0344,0.0299,0.0248,0.0495,0,0.0486,0.087,0.097,-0.18
2022,US,3.1,0.0344,0.0299,0.0248,0.0495,0,0.0486,0.041,0.026,-0.18
2022,Utah,3.3,0.0344,0.0299,0.0248,0.0495,0,0.0486,0,0.042,-0.18
2022,Vermont,3,0.0344,0.0299,0.0248,0.0495,0,0.0486,-0.055,0.005,-0.17
2022,Virgin Islands,2.6,0.0344,0.0299,0.0248,0.0495,0,0.0486,0.003,-0.013,-0.18
2022,Virginia,3.2,0.0344,0.0299,0.0248,0.0495,0,0.0486,-0.056,0.008,-0.139
2022,Washington,3.2,0.0344,0.0299,0.0248,0.0495,0,0.0486,0.026,0.117,-0.18
2022,West Virginia,3.3,0.0344,0.0299,0.0248,0.0495,0,0.0486,-0.014,0.021,-0.151
2022,Wisconsin,3.3,0.0344,0.0299,0.0248,0.0495,0,0.0486,-0.013,-0.021,-0.31
2022,Wyoming,3.1,0.0344,0.0299,0.0248,0.0495,0,0.0486,0.032,0.097,-0.18
